Series Name,Series Code,Country Name,Country Code,2015 [YR2015]
Revenu national net ajusté (croissance annuelle en %),NY.ADJ.NNTY.KD.ZG,Le monde arabe,ARB,-5.36387114123261
Revenu national net ajusté (croissance annuelle en %),NY.ADJ.NNTY.KD.ZG,Petits états des Caraïbes,CSS,..
Revenu national net ajusté (croissance annuelle en %),NY.ADJ.NNTY.KD.ZG,Europe centrale et les pays baltes,CEB,4.69757529045376
Revenu national net ajusté (croissance annuelle en %),NY.ADJ.NNTY.KD.ZG,de dividende précoce démographique,EAR,4.42643853592276
Revenu national net ajusté (croissance annuelle en %),NY.ADJ.NNTY.KD.ZG,Asie de l’Est et Pacifique,EAS,5.76047440989207
Revenu national net ajusté (croissance annuelle en %),NY.ADJ.NNTY.KD.ZG,Asie de l’Est et Pacifique (hors revenu élevé),EAP,7.65602801108476
Revenu national net ajusté (croissance annuelle en %),NY.ADJ.NNTY.KD.ZG,Asie de l’Est et Pacifique (BIRD et IDA),TEA,7.65602801108474
Revenu national net ajusté (croissance annuelle en %),NY.ADJ.NNTY.KD.ZG,Zone euro,EMU,2.69060426955583
Revenu national net ajusté (croissance annuelle en %),NY.ADJ.NNTY.KD.ZG,Europe et Asie centrale,ECS,2.31372842744733
Revenu national net ajusté (croissance annuelle en %),NY.ADJ.NNTY.KD.ZG,Europe et Asie centrale (hors revenu élevé),ECA,-0.739072215416712
Revenu national net ajusté (croissance annuelle en %),NY.ADJ.NNTY.KD.ZG,Europe et Asie centrale (BIRD et IDA),TEC,0.0810525279703285
Revenu national net ajusté (croissance annuelle en %),NY.ADJ.NNTY.KD.ZG,Union européenne,EUU,2.9305239540129
Revenu national net ajusté (croissance annuelle en %),NY.ADJ.NNTY.KD.ZG,Fragile et les situations de conflit touchées,FCS,..
Revenu national net ajusté (croissance annuelle en %),NY.ADJ.NNTY.KD.ZG,Pays pauvres très endettés (PPTE),HPC,7.91372107691895
Revenu national net ajusté (croissance annuelle en %),NY.ADJ.NNTY.KD.ZG,Revenu élevé,HIC,2.57191549725452
Revenu national net ajusté (croissance annuelle en %),NY.ADJ.NNTY.KD.ZG,BIRD seulement,IBD,4.31371813027386
Revenu national net ajusté (croissance annuelle en %),NY.ADJ.NNTY.KD.ZG,BIRD et IDA,IBT,4.29556211120763
Revenu national net ajusté (croissance annuelle en %),NY.ADJ.NNTY.KD.ZG,IDA mélange,IDB,1.69636668547066
Revenu national net ajusté (croissance annuelle en %),NY.ADJ.NNTY.KD.ZG,IDA seulement,IDX,7.35319579578773
Revenu national net ajusté (croissance annuelle en %),NY.ADJ.NNTY.KD.ZG,IDA totale,IDA,4.00237250939375
Revenu national net ajusté (croissance annuelle en %),NY.ADJ.NNTY.KD.ZG,de dividende tardif démographique,LTE,3.14926356926615
Revenu national net ajusté (croissance annuelle en %),NY.ADJ.NNTY.KD.ZG,Amérique latine et Caraïbes,LCN,0.425735479652232
Revenu national net ajusté (croissance annuelle en %),NY.ADJ.NNTY.KD.ZG,Amérique latine et Caraïbes (hors revenu élevé),LAC,0.228662246171197
Revenu national net ajusté (croissance annuelle en %),NY.ADJ.NNTY.KD.ZG,Amérique latine et Caraïbes (BIRD et IDA),TLA,0.353517683483901
Revenu national net ajusté (croissance annuelle en %),NY.ADJ.NNTY.KD.ZG,Pays les moins avancés : classement de l’ONU,LDC,5.99818325019857
Revenu national net ajusté (croissance annuelle en %),NY.ADJ.NNTY.KD.ZG,Revenu faible et intermédiaire,LMY,4.29768638712926
Revenu national net ajusté (croissance annuelle en %),NY.ADJ.NNTY.KD.ZG,Faible revenu,LIC,5.61119507529308
Revenu national net ajusté (croissance annuelle en %),NY.ADJ.NNTY.KD.ZG,"Revenu intermédiaire, tranche inférieure",LMC,6.44405692045915
Revenu national net ajusté (croissance annuelle en %),NY.ADJ.NNTY.KD.ZG,Afrique du Nord et Moyen-Orient,MEA,-4.32311515235708
Revenu national net ajusté (croissance annuelle en %),NY.ADJ.NNTY.KD.ZG,Afrique du Nord et Moyen-Orient (hors revenu élevé),MNA,1.18158341761756
Revenu national net ajusté (croissance annuelle en %),NY.ADJ.NNTY.KD.ZG,Afrique du Nord et Moyen-Orient (BIRD et IDA),TMN,1.18158341761756
Revenu national net ajusté (croissance annuelle en %),NY.ADJ.NNTY.KD.ZG,Revenu intermédiaire,MIC,4.28403119026616
Revenu national net ajusté (croissance annuelle en %),NY.ADJ.NNTY.KD.ZG,Amérique du Nord,NAC,2.68918014841792
Revenu national net ajusté (croissance annuelle en %),NY.ADJ.NNTY.KD.ZG,Non classifié,INX,..
Revenu national net ajusté (croissance annuelle en %),NY.ADJ.NNTY.KD.ZG,Pays membres de l'OCDE,OED,3.03898166254444
Revenu national net ajusté (croissance annuelle en %),NY.ADJ.NNTY.KD.ZG,Autres petits états,OSS,-2.59201142530185
Revenu national net ajusté (croissance annuelle en %),NY.ADJ.NNTY.KD.ZG,Petits états insulaires du Pacifique,PSS,..
Revenu national net ajusté (croissance annuelle en %),NY.ADJ.NNTY.KD.ZG,de Post-dividende démographique,PST,2.86580622719764
Revenu national net ajusté (croissance annuelle en %),NY.ADJ.NNTY.KD.ZG,de Pré-dividende démographique,PRE,2.82379092673686
Revenu national net ajusté (croissance annuelle en %),NY.ADJ.NNTY.KD.ZG,Petits états,SST,-2.21300440960157
Revenu national net ajusté (croissance annuelle en %),NY.ADJ.NNTY.KD.ZG,Asie du Sud,SAS,8.36290313431196
Revenu national net ajusté (croissance annuelle en %),NY.ADJ.NNTY.KD.ZG,Asie du Sud (BIRD et IDA),TSA,8.36290313431196
Revenu national net ajusté (croissance annuelle en %),NY.ADJ.NNTY.KD.ZG,Afrique subsaharienne,SSF,3.21674985466198
Revenu national net ajusté (croissance annuelle en %),NY.ADJ.NNTY.KD.ZG,Afrique subsaharienne (hors revenu élevé),SSA,3.21674985466198
Revenu national net ajusté (croissance annuelle en %),NY.ADJ.NNTY.KD.ZG,Afrique subsaharienne (BIRD et IDA),TSS,3.21674985466198
Revenu national net ajusté (croissance annuelle en %),NY.ADJ.NNTY.KD.ZG,"Revenu intermédiaire, tranche supérieure",UMC,3.63242352156445
Revenu national net ajusté (croissance annuelle en %),NY.ADJ.NNTY.KD.ZG,Monde,WLD,3.13334710859108
Revenu national net ajusté (croissance annuelle en %),NY.ADJ.NNTY.KD.ZG,Afghanistan,AFG,..
Revenu national net ajusté (croissance annuelle en %),NY.ADJ.NNTY.KD.ZG,Albanie,ALB,3.8278481705012
Revenu national net ajusté (croissance annuelle en %),NY.ADJ.NNTY.KD.ZG,Algérie,DZA,-0.0742293242307568
Revenu national net ajusté (croissance annuelle en %),NY.ADJ.NNTY.KD.ZG,Samoa américaines,ASM,..
Revenu national net ajusté (croissance annuelle en %),NY.ADJ.NNTY.KD.ZG,Andorre,AND,..
Revenu national net ajusté (croissance annuelle en %),NY.ADJ.NNTY.KD.ZG,Angola,AGO,4.9417580021682
Revenu national net ajusté (croissance annuelle en %),NY.ADJ.NNTY.KD.ZG,Antigua-et-Barbuda,ATG,..
Revenu national net ajusté (croissance annuelle en %),NY.ADJ.NNTY.KD.ZG,Argentine,ARG,3.96702095146905
Revenu national net ajusté (croissance annuelle en %),NY.ADJ.NNTY.KD.ZG,Arménie,ARM,-1.73708021601638
Revenu national net ajusté (croissance annuelle en %),NY.ADJ.NNTY.KD.ZG,Aruba,ABW,..
Revenu national net ajusté (croissance annuelle en %),NY.ADJ.NNTY.KD.ZG,Australie,AUS,0.297923107447986
Revenu national net ajusté (croissance annuelle en %),NY.ADJ.NNTY.KD.ZG,Autriche,AUT,0.321546222839288
Revenu national net ajusté (croissance annuelle en %),NY.ADJ.NNTY.KD.ZG,Azerbaïdjan,AZE,..
Revenu national net ajusté (croissance annuelle en %),NY.ADJ.NNTY.KD.ZG,Bahamas,BHS,0.638242550391837
Revenu national net ajusté (croissance annuelle en %),NY.ADJ.NNTY.KD.ZG,Bahreïn,BHR,10.9598624316909
Revenu national net ajusté (croissance annuelle en %),NY.ADJ.NNTY.KD.ZG,Bangladesh,BGD,6.59774577424163
Revenu national net ajusté (croissance annuelle en %),NY.ADJ.NNTY.KD.ZG,Barbade,BRB,..
Revenu national net ajusté (croissance annuelle en %),NY.ADJ.NNTY.KD.ZG,Bélarus,BLR,-4.49946727607221
Revenu national net ajusté (croissance annuelle en %),NY.ADJ.NNTY.KD.ZG,Belgique,BEL,1.23069173408695
Revenu national net ajusté (croissance annuelle en %),NY.ADJ.NNTY.KD.ZG,Belize,BLZ,12.7932542514618
Revenu national net ajusté (croissance annuelle en %),NY.ADJ.NNTY.KD.ZG,Bénin,BEN,1.12069587065039
Revenu national net ajusté (croissance annuelle en %),NY.ADJ.NNTY.KD.ZG,Bermudes,BMU,..
Revenu national net ajusté (croissance annuelle en %),NY.ADJ.NNTY.KD.ZG,Bhoutan,BTN,5.12711950080885
Revenu national net ajusté (croissance annuelle en %),NY.ADJ.NNTY.KD.ZG,Bolivie,BOL,4.45049252404523
Revenu national net ajusté (croissance annuelle en %),NY.ADJ.NNTY.KD.ZG,Bosnie-Herzégovine,BIH,4.46064208854486
Revenu national net ajusté (croissance annuelle en %),NY.ADJ.NNTY.KD.ZG,Botswana,BWA,0.533362676867057
Revenu national net ajusté (croissance annuelle en %),NY.ADJ.NNTY.KD.ZG,Brésil,BRA,-3.30791702243586
Revenu national net ajusté (croissance annuelle en %),NY.ADJ.NNTY.KD.ZG,Îles Vierges britanniques,VGB,..
Revenu national net ajusté (croissance annuelle en %),NY.ADJ.NNTY.KD.ZG,Brunéi Darussalam,BRN,-10.0426939082528
Revenu national net ajusté (croissance annuelle en %),NY.ADJ.NNTY.KD.ZG,Bulgarie,BGR,3.56406549424895
Revenu national net ajusté (croissance annuelle en %),NY.ADJ.NNTY.KD.ZG,Burkina Faso,BFA,-0.212344990561476
Revenu national net ajusté (croissance annuelle en %),NY.ADJ.NNTY.KD.ZG,Burundi,BDI,13.4345653154046
Revenu national net ajusté (croissance annuelle en %),NY.ADJ.NNTY.KD.ZG,Cabo Verde,CPV,2.983963358183
Revenu national net ajusté (croissance annuelle en %),NY.ADJ.NNTY.KD.ZG,Cambodge,KHM,6.80746630027973
Revenu national net ajusté (croissance annuelle en %),NY.ADJ.NNTY.KD.ZG,Cameroun,CMR,5.25736373506149
Revenu national net ajusté (croissance annuelle en %),NY.ADJ.NNTY.KD.ZG,Canada,CAN,-2.1407990954624
Revenu national net ajusté (croissance annuelle en %),NY.ADJ.NNTY.KD.ZG,Îles Caïmans,CYM,..
Revenu national net ajusté (croissance annuelle en %),NY.ADJ.NNTY.KD.ZG,République centrafricaine,CAF,7.27243264424513
Revenu national net ajusté (croissance annuelle en %),NY.ADJ.NNTY.KD.ZG,Tchad,TCD,-7.70563328418952
Revenu national net ajusté (croissance annuelle en %),NY.ADJ.NNTY.KD.ZG,Îles Anglo-Normandes,CHI,..
Revenu national net ajusté (croissance annuelle en %),NY.ADJ.NNTY.KD.ZG,Chili,CHL,3.43233954782511
Revenu national net ajusté (croissance annuelle en %),NY.ADJ.NNTY.KD.ZG,Chine,CHN,8.00912301353318
Revenu national net ajusté (croissance annuelle en %),NY.ADJ.NNTY.KD.ZG,Colombie,COL,3.70464674475981
Revenu national net ajusté (croissance annuelle en %),NY.ADJ.NNTY.KD.ZG,Comores,COM,7.84445366908662
Revenu national net ajusté (croissance annuelle en %),NY.ADJ.NNTY.KD.ZG,"Congo, République démocratique du",COD,12.0721170446654
Revenu national net ajusté (croissance annuelle en %),NY.ADJ.NNTY.KD.ZG,"Congo, République du",COG,37.4261441610097
Revenu national net ajusté (croissance annuelle en %),NY.ADJ.NNTY.KD.ZG,Costa Rica,CRI,6.122378633533
Revenu national net ajusté (croissance annuelle en %),NY.ADJ.NNTY.KD.ZG,Côte d'Ivoire,CIV,32.1810782304495
Revenu national net ajusté (croissance annuelle en %),NY.ADJ.NNTY.KD.ZG,Croatie,HRV,3.57707330593064
Revenu national net ajusté (croissance annuelle en %),NY.ADJ.NNTY.KD.ZG,Cuba,CUB,5.60799287315066
Revenu national net ajusté (croissance annuelle en %),NY.ADJ.NNTY.KD.ZG,Curacao,CUW,..
Revenu national net ajusté (croissance annuelle en %),NY.ADJ.NNTY.KD.ZG,Chypre,CYP,7.93066383383932
Revenu national net ajusté (croissance annuelle en %),NY.ADJ.NNTY.KD.ZG,République tchèque,CZE,6.22278496686623
Revenu national net ajusté (croissance annuelle en %),NY.ADJ.NNTY.KD.ZG,Danemark,DNK,2.29544998425568
Revenu national net ajusté (croissance annuelle en %),NY.ADJ.NNTY.KD.ZG,Djibouti,DJI,1.8908676575939
Revenu national net ajusté (croissance annuelle en %),NY.ADJ.NNTY.KD.ZG,Dominique,DMA,..
Revenu national net ajusté (croissance annuelle en %),NY.ADJ.NNTY.KD.ZG,République dominicaine,DOM,10.2894892538958
Revenu national net ajusté (croissance annuelle en %),NY.ADJ.NNTY.KD.ZG,Équateur,ECU,0.432311102426581
Revenu national net ajusté (croissance annuelle en %),NY.ADJ.NNTY.KD.ZG,"Égypte, République arabe d’",EGY,9.06595204860479
Revenu national net ajusté (croissance annuelle en %),NY.ADJ.NNTY.KD.ZG,El Salvador,SLV,3.06182520545298
Revenu national net ajusté (croissance annuelle en %),NY.ADJ.NNTY.KD.ZG,Guinée équatoriale,GNQ,15.934230671667
Revenu national net ajusté (croissance annuelle en %),NY.ADJ.NNTY.KD.ZG,Érythrée,ERI,..
Revenu national net ajusté (croissance annuelle en %),NY.ADJ.NNTY.KD.ZG,Estonie,EST,2.10209810030419
Revenu national net ajusté (croissance annuelle en %),NY.ADJ.NNTY.KD.ZG,Eswatini,SWZ,4.11814820252623
Revenu national net ajusté (croissance annuelle en %),NY.ADJ.NNTY.KD.ZG,Éthiopie,ETH,10.2024504486942
Revenu national net ajusté (croissance annuelle en %),NY.ADJ.NNTY.KD.ZG,Îles Féroé,FRO,..
Revenu national net ajusté (croissance annuelle en %),NY.ADJ.NNTY.KD.ZG,Fidji,FJI,..
Revenu national net ajusté (croissance annuelle en %),NY.ADJ.NNTY.KD.ZG,Finlande,FIN,2.17819097646866
Revenu national net ajusté (croissance annuelle en %),NY.ADJ.NNTY.KD.ZG,France,FRA,2.45180362794055
Revenu national net ajusté (croissance annuelle en %),NY.ADJ.NNTY.KD.ZG,Polynésie française,PYF,..
Revenu national net ajusté (croissance annuelle en %),NY.ADJ.NNTY.KD.ZG,Gabon,GAB,7.22711757895698
Revenu national net ajusté (croissance annuelle en %),NY.ADJ.NNTY.KD.ZG,Gambie,GMB,5.51471756629498
Revenu national net ajusté (croissance annuelle en %),NY.ADJ.NNTY.KD.ZG,Géorgie,GEO,3.27064867591274
Revenu national net ajusté (croissance annuelle en %),NY.ADJ.NNTY.KD.ZG,Allemagne,DEU,2.94516669883042
Revenu national net ajusté (croissance annuelle en %),NY.ADJ.NNTY.KD.ZG,Ghana,GHA,-1.11114300502125
Revenu national net ajusté (croissance annuelle en %),NY.ADJ.NNTY.KD.ZG,Gibraltar,GIB,..
Revenu national net ajusté (croissance annuelle en %),NY.ADJ.NNTY.KD.ZG,Grèce,GRC,1.02106109489355
Revenu national net ajusté (croissance annuelle en %),NY.ADJ.NNTY.KD.ZG,Groenland,GRL,..
Revenu national net ajusté (croissance annuelle en %),NY.ADJ.NNTY.KD.ZG,Grenade,GRD,..
Revenu national net ajusté (croissance annuelle en %),NY.ADJ.NNTY.KD.ZG,Guam,GUM,..
Revenu national net ajusté (croissance annuelle en %),NY.ADJ.NNTY.KD.ZG,Guatemala,GTM,8.11066772196504
Revenu national net ajusté (croissance annuelle en %),NY.ADJ.NNTY.KD.ZG,Guinée,GIN,2.26682848540614
Revenu national net ajusté (croissance annuelle en %),NY.ADJ.NNTY.KD.ZG,Guinée-Bissau,GNB,11.1549406672073
Revenu national net ajusté (croissance annuelle en %),NY.ADJ.NNTY.KD.ZG,Guyane,GUY,..
Revenu national net ajusté (croissance annuelle en %),NY.ADJ.NNTY.KD.ZG,Haïti,HTI,4.17158229131785
Revenu national net ajusté (croissance annuelle en %),NY.ADJ.NNTY.KD.ZG,Honduras,HND,10.6500049979109
Revenu national net ajusté (croissance annuelle en %),NY.ADJ.NNTY.KD.ZG,"Chine, RAS de Hong Kong",HKG,..
Revenu national net ajusté (croissance annuelle en %),NY.ADJ.NNTY.KD.ZG,Hongrie,HUN,4.78421676519866
Revenu national net ajusté (croissance annuelle en %),NY.ADJ.NNTY.KD.ZG,Islande,ISL,9.36081667328578
Revenu national net ajusté (croissance annuelle en %),NY.ADJ.NNTY.KD.ZG,Inde,IND,8.81629626832773
Revenu national net ajusté (croissance annuelle en %),NY.ADJ.NNTY.KD.ZG,Indonésie,IDN,5.58339059668607
Revenu national net ajusté (croissance annuelle en %),NY.ADJ.NNTY.KD.ZG,"Iran, République islamique d’",IRN,-5.54075327783444
Revenu national net ajusté (croissance annuelle en %),NY.ADJ.NNTY.KD.ZG,Iraq,IRQ,..
Revenu national net ajusté (croissance annuelle en %),NY.ADJ.NNTY.KD.ZG,Irlande,IRL,5.3933532419874
Revenu national net ajusté (croissance annuelle en %),NY.ADJ.NNTY.KD.ZG,Île de Man,IMN,..
Revenu national net ajusté (croissance annuelle en %),NY.ADJ.NNTY.KD.ZG,Israël,ISR,5.11196688108417
Revenu national net ajusté (croissance annuelle en %),NY.ADJ.NNTY.KD.ZG,Italie,ITA,1.1255388397207
Revenu national net ajusté (croissance annuelle en %),NY.ADJ.NNTY.KD.ZG,Jamaïque,JAM,2.55200879341126
Revenu national net ajusté (croissance annuelle en %),NY.ADJ.NNTY.KD.ZG,Japon,JPN,3.96434507386729
Revenu national net ajusté (croissance annuelle en %),NY.ADJ.NNTY.KD.ZG,Jordanie,JOR,6.44760899382206
Revenu national net ajusté (croissance annuelle en %),NY.ADJ.NNTY.KD.ZG,Kazakhstan,KAZ,3.44994236906011
Revenu national net ajusté (croissance annuelle en %),NY.ADJ.NNTY.KD.ZG,Kenya,KEN,8.67955979420975
Revenu national net ajusté (croissance annuelle en %),NY.ADJ.NNTY.KD.ZG,Kiribati,KIR,..
Revenu national net ajusté (croissance annuelle en %),NY.ADJ.NNTY.KD.ZG,"Corée, République démocratique de",PRK,..
Revenu national net ajusté (croissance annuelle en %),NY.ADJ.NNTY.KD.ZG,"Corée, République de",KOR,5.65344039991574
Revenu national net ajusté (croissance annuelle en %),NY.ADJ.NNTY.KD.ZG,Kosovo,XKX,..
Revenu national net ajusté (croissance annuelle en %),NY.ADJ.NNTY.KD.ZG,Koweït,KWT,-24.1188752975936
Revenu national net ajusté (croissance annuelle en %),NY.ADJ.NNTY.KD.ZG,République kirghize,KGZ,3.3342635013625
Revenu national net ajusté (croissance annuelle en %),NY.ADJ.NNTY.KD.ZG,République démocratique populaire lao,LAO,7.88844998532032
Revenu national net ajusté (croissance annuelle en %),NY.ADJ.NNTY.KD.ZG,Lettonie,LVA,4.26540627152741
Revenu national net ajusté (croissance annuelle en %),NY.ADJ.NNTY.KD.ZG,Liban,LBN,6.0314546606661
Revenu national net ajusté (croissance annuelle en %),NY.ADJ.NNTY.KD.ZG,Lesotho,LSO,8.29811927151279
Revenu national net ajusté (croissance annuelle en %),NY.ADJ.NNTY.KD.ZG,Libéria,LBR,-1.90429137498744
Revenu national net ajusté (croissance annuelle en %),NY.ADJ.NNTY.KD.ZG,Libye,LBY,..
Revenu national net ajusté (croissance annuelle en %),NY.ADJ.NNTY.KD.ZG,Liechtenstein,LIE,..
Revenu national net ajusté (croissance annuelle en %),NY.ADJ.NNTY.KD.ZG,Lituanie,LTU,..
Revenu national net ajusté (croissance annuelle en %),NY.ADJ.NNTY.KD.ZG,Luxembourg,LUX,3.27881307788746
Revenu national net ajusté (croissance annuelle en %),NY.ADJ.NNTY.KD.ZG,"Région administrative spéciale de Macao, Chine",MAC,..
Revenu national net ajusté (croissance annuelle en %),NY.ADJ.NNTY.KD.ZG,Madagascar,MDG,0.994041896384175
Revenu national net ajusté (croissance annuelle en %),NY.ADJ.NNTY.KD.ZG,Malawi,MWI,3.50920738466367
Revenu national net ajusté (croissance annuelle en %),NY.ADJ.NNTY.KD.ZG,Malaisie,MYS,5.74603279893221
Revenu national net ajusté (croissance annuelle en %),NY.ADJ.NNTY.KD.ZG,Maldives,MDV,..
Revenu national net ajusté (croissance annuelle en %),NY.ADJ.NNTY.KD.ZG,Mali,MLI,19.9733297798568
Revenu national net ajusté (croissance annuelle en %),NY.ADJ.NNTY.KD.ZG,Malte,MLT,..
Revenu national net ajusté (croissance annuelle en %),NY.ADJ.NNTY.KD.ZG,Îles Marshall,MHL,..
Revenu national net ajusté (croissance annuelle en %),NY.ADJ.NNTY.KD.ZG,Mauritanie,MRT,0.702433611111303
Revenu national net ajusté (croissance annuelle en %),NY.ADJ.NNTY.KD.ZG,Maurice,MUS,3.7886499629841
Revenu national net ajusté (croissance annuelle en %),NY.ADJ.NNTY.KD.ZG,Mexique,MEX,3.14358936326977
Revenu national net ajusté (croissance annuelle en %),NY.ADJ.NNTY.KD.ZG,"Micronésie, États fédérés de",FSM,..
Revenu national net ajusté (croissance annuelle en %),NY.ADJ.NNTY.KD.ZG,Moldova,MDA,-2.42868520599005
Revenu national net ajusté (croissance annuelle en %),NY.ADJ.NNTY.KD.ZG,Monaco,MCO,..
Revenu national net ajusté (croissance annuelle en %),NY.ADJ.NNTY.KD.ZG,Mongolie,MNG,3.01203411909925
Revenu national net ajusté (croissance annuelle en %),NY.ADJ.NNTY.KD.ZG,Monténégro,MNE,4.95681171299964
Revenu national net ajusté (croissance annuelle en %),NY.ADJ.NNTY.KD.ZG,Maroc,MAR,6.66554120784835
Revenu national net ajusté (croissance annuelle en %),NY.ADJ.NNTY.KD.ZG,Mozambique,MOZ,6.31942300208046
Revenu national net ajusté (croissance annuelle en %),NY.ADJ.NNTY.KD.ZG,Myanmar,MMR,..
Revenu national net ajusté (croissance annuelle en %),NY.ADJ.NNTY.KD.ZG,Namibie,NAM,5.21238477172648
Revenu national net ajusté (croissance annuelle en %),NY.ADJ.NNTY.KD.ZG,Nauru,NRU,..
Revenu national net ajusté (croissance annuelle en %),NY.ADJ.NNTY.KD.ZG,Népal,NPL,4.39268640960104
Revenu national net ajusté (croissance annuelle en %),NY.ADJ.NNTY.KD.ZG,Pays-Bas,NLD,4.07465413083557
Revenu national net ajusté (croissance annuelle en %),NY.ADJ.NNTY.KD.ZG,Nouvelle-Calédonie,NCL,..
Revenu national net ajusté (croissance annuelle en %),NY.ADJ.NNTY.KD.ZG,Nouvelle-Zélande,NZL,4.21141134297605
Revenu national net ajusté (croissance annuelle en %),NY.ADJ.NNTY.KD.ZG,Nicaragua,NIC,9.02574136618999
Revenu national net ajusté (croissance annuelle en %),NY.ADJ.NNTY.KD.ZG,Niger,NER,3.47535400897621
Revenu national net ajusté (croissance annuelle en %),NY.ADJ.NNTY.KD.ZG,Nigéria,NGA,-3.07415042882575
Revenu national net ajusté (croissance annuelle en %),NY.ADJ.NNTY.KD.ZG,Macédoine du Nord,MKD,7.12006530942644
Revenu national net ajusté (croissance annuelle en %),NY.ADJ.NNTY.KD.ZG,Mariannes,MNP,..
Revenu national net ajusté (croissance annuelle en %),NY.ADJ.NNTY.KD.ZG,Norvège,NOR,-0.414853135241515
Revenu national net ajusté (croissance annuelle en %),NY.ADJ.NNTY.KD.ZG,Oman,OMN,13.3082126843209
Revenu national net ajusté (croissance annuelle en %),NY.ADJ.NNTY.KD.ZG,Pakistan,PAK,6.2832952897911
Revenu national net ajusté (croissance annuelle en %),NY.ADJ.NNTY.KD.ZG,Palaos,PLW,..
Revenu national net ajusté (croissance annuelle en %),NY.ADJ.NNTY.KD.ZG,Panama,PAN,7.85686244079425
Revenu national net ajusté (croissance annuelle en %),NY.ADJ.NNTY.KD.ZG,Papouasie-Nouvelle-Guinée,PNG,..
Revenu national net ajusté (croissance annuelle en %),NY.ADJ.NNTY.KD.ZG,Paraguay,PRY,1.33134957234209
Revenu national net ajusté (croissance annuelle en %),NY.ADJ.NNTY.KD.ZG,Pérou,PER,1.95874462853263
Revenu national net ajusté (croissance annuelle en %),NY.ADJ.NNTY.KD.ZG,Philippines,PHL,8.60495399164891
Revenu national net ajusté (croissance annuelle en %),NY.ADJ.NNTY.KD.ZG,Pologne,POL,4.93410715574085
Revenu national net ajusté (croissance annuelle en %),NY.ADJ.NNTY.KD.ZG,Portugal,PRT,2.13291536249656
Revenu national net ajusté (croissance annuelle en %),NY.ADJ.NNTY.KD.ZG,Porto Rico,PRI,..
Revenu national net ajusté (croissance annuelle en %),NY.ADJ.NNTY.KD.ZG,Qatar,QAT,-11.1073809801442
Revenu national net ajusté (croissance annuelle en %),NY.ADJ.NNTY.KD.ZG,Roumanie,ROU,5.24562880310833
Revenu national net ajusté (croissance annuelle en %),NY.ADJ.NNTY.KD.ZG,Fédération de Russie,RUS,-5.57030897249477
Revenu national net ajusté (croissance annuelle en %),NY.ADJ.NNTY.KD.ZG,Rwanda,RWA,9.96727378502807
Revenu national net ajusté (croissance annuelle en %),NY.ADJ.NNTY.KD.ZG,Samoa,WSM,..
Revenu national net ajusté (croissance annuelle en %),NY.ADJ.NNTY.KD.ZG,Saint-Marin,SMR,..
Revenu national net ajusté (croissance annuelle en %),NY.ADJ.NNTY.KD.ZG,Sao Tomé-et-Principe,STP,..
Revenu national net ajusté (croissance annuelle en %),NY.ADJ.NNTY.KD.ZG,Arabie saoudite,SAU,-10.5029602386113
Revenu national net ajusté (croissance annuelle en %),NY.ADJ.NNTY.KD.ZG,Sénégal,SEN,7.1492015870312
Revenu national net ajusté (croissance annuelle en %),NY.ADJ.NNTY.KD.ZG,Serbie,SRB,-0.42715850087545
Revenu national net ajusté (croissance annuelle en %),NY.ADJ.NNTY.KD.ZG,Seychelles,SYC,4.12615905647064
Revenu national net ajusté (croissance annuelle en %),NY.ADJ.NNTY.KD.ZG,Sierra Leone,SLE,-2.16763457039195
Revenu national net ajusté (croissance annuelle en %),NY.ADJ.NNTY.KD.ZG,Singapour,SGP,3.80182943011262
Revenu national net ajusté (croissance annuelle en %),NY.ADJ.NNTY.KD.ZG,Sint Maarten (Dutch part),SXM,..
Revenu national net ajusté (croissance annuelle en %),NY.ADJ.NNTY.KD.ZG,République slovaque,SVK,3.17730013649624
Revenu national net ajusté (croissance annuelle en %),NY.ADJ.NNTY.KD.ZG,Slovénie,SVN,0.425069381741693
Revenu national net ajusté (croissance annuelle en %),NY.ADJ.NNTY.KD.ZG,Îles Salomon,SLB,..
Revenu national net ajusté (croissance annuelle en %),NY.ADJ.NNTY.KD.ZG,Somalie,SOM,..
Revenu national net ajusté (croissance annuelle en %),NY.ADJ.NNTY.KD.ZG,Afrique du Sud,ZAF,3.91323620430333
Revenu national net ajusté (croissance annuelle en %),NY.ADJ.NNTY.KD.ZG,Soudan du Sud,SSD,..
Revenu national net ajusté (croissance annuelle en %),NY.ADJ.NNTY.KD.ZG,Espagne,ESP,5.19797038080291
Revenu national net ajusté (croissance annuelle en %),NY.ADJ.NNTY.KD.ZG,Sri Lanka,LKA,7.15901479107058
Revenu national net ajusté (croissance annuelle en %),NY.ADJ.NNTY.KD.ZG,Saint-Kitts-et-Nevis,KNA,..
Revenu national net ajusté (croissance annuelle en %),NY.ADJ.NNTY.KD.ZG,Sainte-Lucie,LCA,..
Revenu national net ajusté (croissance annuelle en %),NY.ADJ.NNTY.KD.ZG,Saint-Martin (fr),MAF,..
Revenu national net ajusté (croissance annuelle en %),NY.ADJ.NNTY.KD.ZG,Saint-Vincent-et-les Grenadines,VCT,12.7126241801714
Revenu national net ajusté (croissance annuelle en %),NY.ADJ.NNTY.KD.ZG,Soudan,SDN,0.906724279937848
Revenu national net ajusté (croissance annuelle en %),NY.ADJ.NNTY.KD.ZG,Suriname,SUR,..
Revenu national net ajusté (croissance annuelle en %),NY.ADJ.NNTY.KD.ZG,Suède,SWE,4.30639368662433
Revenu national net ajusté (croissance annuelle en %),NY.ADJ.NNTY.KD.ZG,Suisse,CHE,5.18860800881953
Revenu national net ajusté (croissance annuelle en %),NY.ADJ.NNTY.KD.ZG,République arabe syrienne,SYR,..
Revenu national net ajusté (croissance annuelle en %),NY.ADJ.NNTY.KD.ZG,Tadjikistan,TJK,..
Revenu national net ajusté (croissance annuelle en %),NY.ADJ.NNTY.KD.ZG,Tanzanie,TZA,5.58150561588249
Revenu national net ajusté (croissance annuelle en %),NY.ADJ.NNTY.KD.ZG,Thaïlande,THA,6.29664626175281
Revenu national net ajusté (croissance annuelle en %),NY.ADJ.NNTY.KD.ZG,Timor-Leste,TLS,13.1641456814571
Revenu national net ajusté (croissance annuelle en %),NY.ADJ.NNTY.KD.ZG,Togo,TGO,12.8322043498594
Revenu national net ajusté (croissance annuelle en %),NY.ADJ.NNTY.KD.ZG,Tonga,TON,..
Revenu national net ajusté (croissance annuelle en %),NY.ADJ.NNTY.KD.ZG,Trinité-et-Tobago,TTO,..
Revenu national net ajusté (croissance annuelle en %),NY.ADJ.NNTY.KD.ZG,Tunisie,TUN,..
Revenu national net ajusté (croissance annuelle en %),NY.ADJ.NNTY.KD.ZG,Turquie,TUR,6.31267920369953
Revenu national net ajusté (croissance annuelle en %),NY.ADJ.NNTY.KD.ZG,Turkménistan,TKM,..
Revenu national net ajusté (croissance annuelle en %),NY.ADJ.NNTY.KD.ZG,Îles Turques-et-Caïques,TCA,..
Revenu national net ajusté (croissance annuelle en %),NY.ADJ.NNTY.KD.ZG,Tuvalu,TUV,..
Revenu national net ajusté (croissance annuelle en %),NY.ADJ.NNTY.KD.ZG,Ouganda,UGA,5.55734449701035
Revenu national net ajusté (croissance annuelle en %),NY.ADJ.NNTY.KD.ZG,Ukraine,UKR,-10.3482250346456
Revenu national net ajusté (croissance annuelle en %),NY.ADJ.NNTY.KD.ZG,Émirats arabes unis,ARE,-8.10348273821336
Revenu national net ajusté (croissance annuelle en %),NY.ADJ.NNTY.KD.ZG,Royaume-Uni,GBR,2.96703632207753
Revenu national net ajusté (croissance annuelle en %),NY.ADJ.NNTY.KD.ZG,États-Unis,USA,3.1843378764558
Revenu national net ajusté (croissance annuelle en %),NY.ADJ.NNTY.KD.ZG,Uruguay,URY,0.0817979853313915
Revenu national net ajusté (croissance annuelle en %),NY.ADJ.NNTY.KD.ZG,Ouzbékistan,UZB,3.26352959152842
Revenu national net ajusté (croissance annuelle en %),NY.ADJ.NNTY.KD.ZG,Vanuatu,VUT,..
Revenu national net ajusté (croissance annuelle en %),NY.ADJ.NNTY.KD.ZG,Venezuela,VEN,..
Revenu national net ajusté (croissance annuelle en %),NY.ADJ.NNTY.KD.ZG,Viet Nam,VNM,6.60441060937418
Revenu national net ajusté (croissance annuelle en %),NY.ADJ.NNTY.KD.ZG,Îles Vierges (EU),VIR,..
Revenu national net ajusté (croissance annuelle en %),NY.ADJ.NNTY.KD.ZG,Cisjordanie et Gaza,PSE,..
Revenu national net ajusté (croissance annuelle en %),NY.ADJ.NNTY.KD.ZG,"Yémen, Rép. du",YEM,..
Revenu national net ajusté (croissance annuelle en %),NY.ADJ.NNTY.KD.ZG,Zambie,ZMB,..
Revenu national net ajusté (croissance annuelle en %),NY.ADJ.NNTY.KD.ZG,Zimbabwe,ZWE,9.43032154633543
,,,,
,,,,
,,,,
Data from Database: Indicateurs du développement dans le monde,,,,
Last Updated: 10/28/2019,,,,
